Player,Deck,Decklist,Sideboard
Kestrel,Azir,"Legend:
1 Azir, Emperor of the Sands
Champion:
1 Azir, Sovereign
Main Deck:
3 Arise!
3 B.F. Sword
3 Guards!
2 Sacred Shears
Battlefields:
1 Hall of Legends
1 Seat of Power
1 Trifarian War Camp
Runes:
6 Calm Rune
6 Order Rune","2 Wind Wall
2 Charm"
Marlowe,Master Yi,"Legend: Master Yi, Wuju Bladesman
Champion: Master Yi, Honed
Main Deck:
3 Lonely Poro
3 Ruin Runner
3 Charm
Battlefields:
1 Forge of the Fluft
1 Ravenbloom Conservatory
1 Vilemaw's Lair
Runes:
6 Body Rune
6 Calm Rune","3 Akshan, Mischievous"
Tamsin,Irelia,"1 Irelia, Blade Dancer
1 Irelia, Fervent
3 Defiant Dance
3 Stellacorn Herder
1 Sunken Temple
1 Targon's Peak
1 Zaun Warrens
6 Calm Rune
6 Chaos Rune","2 Adaptatron"
